{"collapse-filter":true,"search":"","showTags":false,"showAttachments":false,"hideUnresolved":false,"showOrphans":true,"collapse-color-groups":false,"colorGroups":[{"query":"file:\"moc.\"","color":{"a":1,"rgb":14701138}},{"query":"","color":{"a":1,"rgb":14725458}}],"collapse-display":true,"showArrow":false,"textFadeMultiplier":0,"nodeSizeMultiplier":1,"lineSizeMultiplier":1,"collapse-forces":true,"centerStrength":0.518713248970312,"repelStrength":10,"linkStrength":1,"linkDistance":250,"scale":0.7132754626224431,"close":true}