{"files":{"_site\\index.html":{"frameworks":["notenote.link-master","pg.insight.events","pg.fontawesome","pg.css.grid","pg.image.overlay","pg.code-validator","pg.project.items","pg.asset.manager","pg.html","pg.components"],"last_page_width":1023.99},"_includes\\header.html":{"frameworks":["notenote.link-master","pg.insight.events","pg.css.grid","pg.image.overlay","pg.code-validator","pg.project.items","pg.asset.manager","pg.html","pg.components"],"last_page_width":1023.99}},"breakpoints":["500px","800px","1024px","1200px"],"frameworks":["notenote.link-master","pg.insight.events","pg.css.grid","pg.image.overlay","pg.code-validator","pg.project.items","pg.asset.manager","pg.html","pg.components"]}