[
  
    {

      "title"    : "",
      "url"      : "/notes/Bank.Dewey-and-Taoism-about-Teleology",
      "category" : "",
      "tags"     : "",
      "content"  : "Title:\nDewey and Taoism: Teleology and Art\nAuthor:\nCrispin Sartwell\nYear:\n2009\nKeyword: Teleology\nLink:  here\n\n\n\nFactual\n\n\n  West suffers from Teleology or \"a purpose-driven life\" and exoticises the Eastern Traditons as an antidote, because the ends don't exist -which is imaginary\n  ![[Pasted image 20210305014932.png]]\n  the Tao is spontaneity as well as letting go\n  musings of marriage and love and why calculating is stupid because of innummerable variables\n  brief discussion of the author's position on pragmatism\n\n\nGhost Actual\n\n  the author is very funny\n  must return to this text"

    } ,
  
    {

      "title"    : "Sahitya Akademi 1992 Seminar Transcripts",
      "url"      : "/notes/Bank.Sahitya-Akademi-Seminar-1992-Transcripts",
      "category" : "",
      "tags"     : "Bank",
      "content"  : "Jonathan Culler - If reality and social groups are constructed by narrative, deconstruction and reorganisation to resist while admiring the lure of nationalistic narratives gaining dangerous influence\n    \n      Side: https://www.instagram.com/p/CIP4LByJLYN/?igshid=uvwdgt2kc26z\n    \n  \n  Harbajan Singh - Literary tradition is right now elemental without being integrative. Western lenses for looking at narratives cannot be used to construct Indian Literary Traditions.\n  Earl Milner - Derrida \"archaeology of silences\" - tree falls in the forest. Asian Literary traditions offer different ways of handling the Narrative. These ways differ in time, form and expression. The silence in western circles is deafening."

    } ,
  
    {

      "title"    : "Annotating Academic Research",
      "url"      : "/notes/List.Annotating-Academic-Research",
      "category" : "",
      "tags"     : "List",
      "content"  : "Annotating Academic Research\nPresent Tools that extend the capabilities for pdf annotations\n\ngeneral notetaking\n\n  https://relanote.com\n  https://www.remnote.io\n  https://roamresearch.com\n  https://github.com/athensresearch/athens in dev\n\n\n\n\nAnnotating\n\n  https://www.liquidtext.net Annotation on Text\n  https://metal-profuse-arch.glitch.me experiment AoI\n  MiradorAnnotation on Image\n  https://voicethread.com annotation on video\n  LoomVoice annotation on Screengrabbed video\n  https://web.hypothes.is\n  https://getmemex.com\n  https://ant.umn.edu/documentation\n  https://frametrail.org/\n  https://chi-lin.com/projects/react-annotation-tool\n  https://medialab.sciencespo.fr/en/tools/\n  \n\n\n\n\nMapping and Prototyping\n\n  https://littlesis.org/oligrapher political influence\n  https://miro.com tool whiteboarding prototyping\n  https://figma.com prototyping interactions\n\n\n\nPotential Directions and Resources\n\n  https://github.com/omarcostahamido/awesome-networked-media networked audio video\n  http://giorgialupi.com/bruises-the-data-we-dont-see other ways that people have opened up data\n\n\n\nIn the context of Scientific Research\n\nOther people's thoughts about reimagining the research interface with the public\n\n\n  https://hal.inria.fr/hal-01169592/document\n  http://worrydream.com/#!/MediaForThinkingTheUnthinkable\n  https://peerj.com/articles/cs-132/\n  https://thomaspark.co/2015/01/pubcss-formatting-academic-publications-in-html-css/ promising\n  https://www.researchgate.net/publication/314279386_The_transformation_of_the_academic_publishing_market_multiple_perspectives_on_innovation\n\n\n\ntags [[moc.Narratives]]"

    } ,
  
    {

      "title"    : "My Portfolio and My Statement",
      "url"      : "/notes/MOC.Hi,-My-Name-is-Micah",
      "category" : "",
      "tags"     : "Portfolio, MOC",
      "content"  : "I might be a designer. Or a researcher? or something else.\n\nI hold on to different interests like #music, #movies, #videoessays, #linguisticidiosyncracies, #psychology, #philosophies, #fantasy, #science-fiction and many more. I would like to find a career that helps me borrow from all these places.\n\n\n  My dream is to be a great generalist, who keeps a team together, navigates complex situations and co-creates and co-realizes visions for an equitable and sustainable future.\n\n\nThis is list of projects I have worked on\n\n  [[prj.Designer’s Ace]]\n  [[prj.Speculative Storytelling]]\n  [[prj.Carpooling Unalone - Karwaan]]\n  [[prj.Making Visible something in an RO plant - Water Quality]]\n  My Art"

    } ,
  
    {

      "title"    : "Worldly Ethics - The democratic ethics of care for worldly things",
      "url"      : "/notes/bank.the-democratic-ethics-of-care-for-worldly-things",
      "category" : "",
      "tags"     : "bank, care",
      "content"  : "Meta:\n\n  Author: Ella Myers\n    - Citation:\n    \n      intext: (Myers, 2013)\n      bibliography: Myers, E. (2013). Worldly ethics: Democratic Politics and Care for the World (pp. 85-110). Duke University Press.\n    \n  \n\n\nQuotes:\n\n  Theorists such as Connolly, Critchley, and Butler are right to insist that democratic practice is irreducible to formal structures of government; it is always shaped by the\n    \n      dispositions, habits of mind, affective comportments, and felt commitments of its participants (and nonparticipants).\n    - Care for the world, distinct from concern for oneself or for an Other, is an ethos uniquely fit for democratic life.1\n    - The practitioner of such care is never a self but always an association of selves. Even more important, the recipient of care is not another person or even persons, but the world, understood as the array of material and immaterial conditions under which human beings live—both with one another and with a rich variety of nonhumans, organic and technological.\n    - More specifically still, coaction among citizens is directed not at the world per se but at particular worldly things that become objects of shared attention and concern. This thing, a concept that, like world, awaits full theorization, is crucial to every democratic undertaking. It is the third term—a practice, place, law, habit, or event— around which people gather, both in solidarity and division.\n    - supports and inspires mutual care for worldly conditions.\n    - giving of attention,\n    - expressed in action.\n    - caring about and caring for something.\n    - Hannah Arendt’s notion of amor mundi, or love of the world.\n    - the complex, extrasubjective “web”\n    - when people combine together to tend not to themselves but to the world in which they live.3\n    - care as intimate, suggesting both that care can be undertaken collectively by an association of actors and also that care can at times mean caring for objects and environments as well as people.8\n    - democratic mode of care, associative in character and oriented\n    - toward worldly things.\n    - That is, although caring for oneself, others, and the world have something in common—signaled by the presence of the term care—they are far from identical or even mutually supportive activities.\n    - Democratic care for the world, for example, though not unrelated to the fulfillment of people’s needs, may involve, paradoxically, displacing immediately vulnerable people from the center of analysis in order to bring into view and work to transform the complex environment out of which their needs arise.\n    - The world is not strictly tangible. Its materiality, what can be seen and touched, is never isolated from languages, relationships, norms, habits, and traditions, the more intangible elements of existence that overlie the physical.\n    - “The things that owe their existence exclusively to men nonetheless constantly condition their human makers.”16\n    - \"The world, in short, should be understood as highly susceptible to human decision making and activity. \"\n    - World displaces human beings from the center of analysis and brings into view a complex material and immaterial assemblage that is irreducible to human beings themselves. Although the world is never simply an inert background, it is the site and context of human action, among many other things. And worldly conditions, many of them produced, sustained, and altered by human actors, are nonetheless distinguishable from those actors themselves.20 Naming the world is important because it brings into focus a complex, heterogeneous entity that is distinct from any human being or collection of human beings.\n    - The focus of their attention, that “something” else, is a feature of the world. And, as Arendt points out, the world is “that about which we speak” when we address one another as citizens.22 The world, or rather some element of it, is the reason citizens struggle with and against each other.\n    - although the specific motivations and sentiments that inspire collective democratic action vary widely and produce outcomes that are uncertain, an underlying impulse, the “wish to change the world,” is shared by even the most divergent democratic actors.23\n    - “affair or matter of pertinence” that drew people together in delibera-tion, denoting what concerned human beings and was therefore a “matter for discourse.” The original meaning of thing as assembly and its later nam-ing of a “matter of pertinence” are a reminder that whether citizens are acting cooperatively on behalf of a shared goal or struggling against one another in pursuit of competing projects, their relations are mediated by the presence of a third term, a feature of the world that concerns or “bears upon” them.25 Worldly things, the objects of associative democratic action, are defined by three principal features: they are multiple, fluctuating, and con-tested.\n    - First, rather than thinking of the world as the focal point of demo-cratic efforts, it is illuminating to consider the vast array of worldly things that have been and can become objects of political attention and advocacy.\n    - a matter of fact—a relatively unproblematic feature of existence—is reconfigured as important,changeable, and demanding of public attention, that is, a matter of concern.\n    - collective organizing by ordinary citi-zens who seek to challenge existing arrangements as involving the “asser-tion of a common world.”30\n    - when those who are presently “uncounted” within a polity aim to publicly articulate a wrong to be re-dressed, they attempt to make themselves “of some account” by enacting a radical equality the social order denies (a scenario that, to Rancière, is definitive of democracy as such).\n    \n  \n  \n  \n  \"dispositions, habits of mind, affective comportments, and felt commitments of its participants (and nonparticipants).\"\n    \n      might be a good way to position how the \"worlds of care\"\n        Metrics of care\n      \n    \n  \n  Attentiveness in passivity and activity is the way ella describes care. In the paper that I read talking about permeable heuristics of care(from ethicsofcare) the person spoke about precariousness and uncertainity. Paul seems to value accountability as way of understanding care. Shreyas seems to see continuity as the measure of care. Naveen brings the understanding of human fraility as well as ascribing value to human bodies.\n    Care: relations and scales and logics\n    \n      \"\"That is, although caring for oneself, others, and the world have something in common—signaled by the presence of the term care—they are far from identical or even mutually supportive activities.\"\" Here she talks about care at three levels. yourselves, others and world. she contradicts herself in this \"\"The practitioner of such care is never a self but always an association of selves. Even more important, the recipient of care is not another person or even persons, but the world, understood as the array of material and immaterial conditions under which human beings live—both with one another and with a rich variety of nonhumans, organic and technological.\"\"\n        \n          when she says that self exists within an associative world, which then asks the question is it yourselves, your others and your worlds. Does this mean that the logic of care runs through each of these? Also then as paul says, you can't care for the world if you don't care for yourself are these practices linked in some sort of way. And should I theorise on that\n          Another reference she links to logic of care \"Democratic care for the world, for example, though not unrelated to the fulfillment of people’s needs, may involve, paradoxically, displacing immediately vulnerable people from the center of analysis in order to bring into view and work to transform the complex environment out of which their needs arise.\"\n            worlds of care\n          \n        \n      \n      \"The world is not strictly tangible. Its materiality, what can be seen and touched, is never isolated from languages, relationships, norms, habits, and traditions, the more intangible elements of existence that overlie the physical.\" this could be tied into A rape in cyberspace and how the materialiaty of things is hardly proportional to its impact\n        \n          Arendt makes the disctinction between man-made and natural, which myers doesn't. \"It is impossible to isolate the cultural from the natural without doing violence to reality\"\n          have to explore the connections between assemblages in Logic of Care and worlds here\n        \n      \n      The world, in short, should be understood as highly susceptible to human decision making and activity.\n      \"World displaces human beings from the center of analysis and brings into view a complex material and immaterial assemblage that is irreducible to human beings themselves. Although the world is never simply an inert background, it is the site and context of human action, among many other things. And worldly conditions, many of them produced, sustained, and altered by human actors, are nonetheless distinguishable from those actors themselves.20 Naming the world is important because it brings into focus a complex, heterogeneous entity that is distinct from any human being or collection of human beings.\"\n      \" when she says that self exists within an associative world, which then asks the question is it yourselves, your others and your worlds. Does this mean that the logic of care runs through each of these? Also then as paul says, you can't care for the world if you don't care for yourself are these practices linked in some sort of way. And should I theorise on that \"\n        \n          \"First, rather than thinking of the world as the focal point of demo-cratic efforts, it is illuminating to consider the vast array of worldly things that have been and can become objects of political attention and advocacy.\" , she starts to address the unobjectivity of the world through the thing. she takes apart the notion of the subjective world seemingly because it is individualistic in nature. but as with lived experiences, the realities and worlds that we occupy are vastly different than some and similar to some. this same understanding of the world allows us to convalesce onto a \"thing\". The end might be the same for some but the paths vary according to realities and each of these is a singular and collective distinct world path\n        \n      \n      \n        Clusters of Care\n      \n      \"when those who are presently “uncounted” within a polity aim to publicly articulate a wrong to be re-dressed, they attempt to make themselves “of some account” by enacting a radical equality the social order denies (a scenario that, to Rancière, is definitive of democracy as such).\"\n    \n  \n\n\nRead list\n\n  hannah arendt 'the human condition - amor mundi'\n    \n      the telescope and human subjectivity\n    - Jacques Ranciere's theory of democracy"

    } ,
  
    {

      "title"    : "Storytelling in non-linear ways",
      "url"      : "/notes/banklist.Non-Linear-Storytelling",
      "category" : "",
      "tags"     : "reframe, narratives, banklist",
      "content"  : "Storytelling in non-linear ways\n\n  Callbacks in Stand-up\n  Indian Stories\n    \n      Caavad\n      Plot as protagonist\n    \n  \n\n\nVirtual Reality\n\n\n  \n    \n    \n      Melding of Realities\n        \n          [[A rape in cyberspace]]\n        \n      \n      Virtual environments\n      Choice as a plot device\n      Thick descriptions done badly\n        \n          Done well:\n          \"So that when the time came, at 7 p.m. PST on the evening of the third day after the occurrence in the living room, to gather in emmeline’s room for her proposed real-time open conclave, Kropotkin and exu were among the first to arrive. But this was hardly to be an anarchist-dominated affair, for the room was crowding rapidly with representatives of all the MOO’s political stripes, and even a few wizards. Hagbard showed up, and Aurea and Quanto, Spaff, TomTraceback, Lithium and Bloof, ShermieRocko, Silver Surfer, MaoTseHedgehog, Toothpick — the names piled up and the discussion gathered momentum under their weight. Arguments multiplied and mingled, players talked past and through each other, the textual clutter of utterances and gestures filled up the screen like thick cigar smoke. Peaking in number at around 30, this was one of the largest crowds that ever gathered in a single LambdaMOO chamber, and while emmeline had given her place a description that made it infinite in expanse and fluid in form, it now seemed anything but roomy. You could almost feel the claustrophobic air of the place, dank and overheated by virtual bodies, pressing against your skin.\"\n          Searching \n   ## &lt;iframe src=\"https://www.youtube.com/embed/eFHj8OVC1_s\" class=\"resize-both\" style=\"height: 346px; width: 932px;\"&gt;&lt;/iframe&gt;\n        \n      \n      Presence as an divergence from traditional storytelling\n        \n          https://darkblueheaven.com/spatialsoftware\n      - Spatiality missing in today's interfaces so we switch to temporality as a marker of conversation\n            \n              This focus takes out \n   ## Towards New Programming Languages that are non-linear\n            \n          \n        \n      \n    \n  \n\n\n\n## Smallest Narrative Unit"

    } ,
  
    {

      "title"    : "Coauthoring and Spatialising Representations of Events and Thoughts",
      "url"      : "/notes/int.Compost-Thoughts",
      "category" : "",
      "tags"     : "Internal, SpatialThoughts, CoAuthoring",
      "content"  : "Is compost a way of putting [[int.Thoughts about the Capstone]] into context\n    \n      The co-authoring bit comes from archetypes of care\n      Archetypes come from the roles that people have played in collectives\n      Does this come closer to co-authoring as the only way a collective puts things out there?\n        \n          what about the non-humans? Where do they feature\n        \n      \n      Paul's thoughts - \"The archetypes work well because they can be plugged into different communities. a maintainer in one field looks very differernt in another\"\n    \n  \n\n\ntags"

    } ,
  
    {

      "title"    : "Capstone Extending",
      "url"      : "/notes/int.Thoughts-about-the-Capstone",
      "category" : "",
      "tags"     : "Internal",
      "content"  : "Thoughts about the Capstone\n\nDoes it need to fit into a particular domain\n* Would domainifying this lead to its remediation\n* [[Compost Thoughts]] - remdiation in context 1\n* infrastructuring as meme - remediation in context 2\t ## Paul's thoughts - \"The archetypes work well because they can be plugged into different communities. a maintainer in one field looks very differernt in another\"\n\n\nArchive\nthe first draft is hard to get out and I follow one of two approaches, gardening or planning or some hybrid. \nThe writing process started off with a simple outline which I then followed with a graphic illustration of each of the section. This helped me sort out my metaphors and make a much more expanded outline. \nAfter talking to shreyas, I decided to strucure it the way that I would, without academic boundaries. Is there a translation possible between the two?\nEven then my outline is now based the questions, and that allows for a little bit of Non-Linear Storytelling\n\n[[moc.Narratives]]"

    } ,
  
    {

      "title"    : "Names of different Literary Forms from Asia",
      "url"      : "/notes/list.Names-of-different-Literary-Forms-from-Asia",
      "category" : "",
      "tags"     : "List",
      "content"  : "Names of different Literary Forms from Asia\n\n  Shosetsu - Japanese Novel\n  Classical Chinese Novel - 120 shortish chapters Hsia-shuo\n*"

    } ,
  
    {

      "title"    : "Alternative Narrative Systems",
      "url"      : "/notes/list.Narrative-Systems",
      "category" : "",
      "tags"     : "List",
      "content"  : "Narrative Systems\n\n  Affective-Expressive Systems\n      * Seed: \n                      * #Read \n                          * [[Bank.Tale of Genji]] - Narrative Systems are unique\n                              * #ReadAlt \n                                  * Tale of Genji Audiobook\n                                  * Manga - Dreams at Dawn (Asaki yumemishi) by Yamato Waki\n  Magical Realism"

    } ,
  
    {

      "title"    : "Technological Terms and their Metaphors",
      "url"      : "/notes/list.Technological-Terms-and-their-Metaphors",
      "category" : "",
      "tags"     : "list, reframe, language",
      "content"  : "Bug\n  Screen\n  [[prj.Battery]]\n  Charge-ing (re-)\n  Code"

    } ,
  
    {

      "title"    : "",
      "url"      : "/notes/moc.Narratives",
      "category" : "",
      "tags"     : "",
      "content"  : "Atoms\n\n[[list.Names of different Literary Forms from Asia]]\n\n[[list.Narrative Systems]]\n\n[[banklist.Non Linear Storytelling]]\n\nBanks\n\n[[Bank.Sahitya Akademi Seminar 1992 Transcripts]]\n\n[[Bank.Dewey and Taoism - about Teleology]]"

    } ,
  
    {

      "title"    : "Battery - meanings through time and onward",
      "url"      : "/notes/prj.Battery",
      "category" : "",
      "tags"     : "Bank, reframe, prompt",
      "content"  : "Initial  Clues\nLeyden Jars\nMilitary Equipment\nRams and batteries were the same?\nCrime(?)\n\nthoughts\n\n  ==it seems to be a group of somethings designed to do somefunctions. ==\n    \n      The only exception seems to be the crime of battery.\n        \n          Legal definitions of battery -through history- might be interesting to look at\n        \n      \n    \n  \n  Is this where Bat is cricket and baseball come from?\n    \n      but in baseball battery = catcher and pitcher\n    \n  \n  Naming system of the electric battery seems to be based on structure?\n  \n    \n      BRITISH\n    \n\n    a series of small cages for the intensive rearing of farm animals, especially calves and poultry.\n\n    \"battery farming\"\n      - ==this seems to be the most apt metaphor for modern day batteries. a process of intensive repititive exploitation and depletion. at scale. ==\n  \n\n\nRelated?\n\n\nwith this definition a more full definition arises - a repititive group of somethings/someactions designed to do someactions or someeffect - usually related to striking or building capacity to strike\n\n==Can the reframing be about cycles of filling and depleting? Like reservoirs?=="

    } ,
  
    {

      "title"    : "Carpooling Unalone - Karwaan",
      "url"      : "/notes/prj.Carpooling-Unalone-Karwaan",
      "category" : "",
      "tags"     : "Portfolio, project",
      "content"  : "We explore how communities are formed, why carpooling hasn’t seen commercial success in India yet? In doing so, we design a community-based carpooling solution that uses events to bring these communities together.\n\n\n  Why hasn’t carpooling gained popularity in India?\n\n\nAfter some secondary research, we extracted some possible answers to this question. We looked at many things like:\n\n•\tWhat do Potential carpoolers want?\n•\tWho are the kinds of passengers that would potentially pool a ride?\n•\tWhat are the incentives for someone to pool a ride?\n•\tWhat are some reasons not to?\n•\tWhat were the challenges to Carpooling in the pre-technology era?\n•\tHow many of these were solved by Technology?\n•\tWhat remains to be solved?\n•\tSince most of these papers were from elsewhere, what were the defining factors in India?\n\nThese are the clusters that we found:\nAspirational value of a car: This related to the inherent value of a car as a status symbol in society. It is one of the things that people aspire to obtain.\nSafety: The inherent danger of getting into a stranger’s car is ever-present, especially in India.\nInconvenience: Having to maintain pool discipline, the pool driver have to negotiate pick up points with every member individually. Also there were other factors here such as losing freedom of mobility because you are with others; your commute might be delayed because of your co-pooler; being packed in a carpool can test physical boundaries as well; having to take longer routes to pick up and drop the co-poolers\nLegal Ambiguity — The Indian Government has restricted private vehicles from undertaking commercial business. Inspite of this, there are many carpooling platforms running in India. However, this has kept prices on carpooling platforms relatively low, going as low as 3 INR per kilometer. Recently, the Karnataka government started fining people who were carpooling as well\nLack of Awareness: This is a factor that we stumbled quite by accident while circulating a pilot questionnaire. People were aware of carpooling as an informal contract but not as a formalized platform based phenomenon.\nSocial Barriers: These included the factors related to class differences, building a trust among poolmates, the additional responsibility of negotiating a system of timing and splitting costs, the possibility of coordination failure and the time needed to build a mutual understanding.\n\nWe decided to observe the environments in which carpooling was working successfully in India. As a result, we soon found out that apps like Quick Ride, Ho Ho rides and Wunder were targeting the IT transport system in Bangalore, encouraging and creating favorable conditions for IT professionals to adopt carpooling while branding their actions as their contribution to a greater environmental good.\nOur interviews and interactions with people commuting as part of IT carpools showed us some factors that were boosting this trend:\n1.Cohort Travel: The ability to travel with people from the same background or same interests as you\n2.Part of corporate culture: Since these services were tied into the IT firms’ operations, adoption was easy for these professionals\n3.Platform tie-ups: Tie-ups of IT firms with carpooling platform adds to the previous factor and makes it easier to use\n4.Common destination: This is also a significant factor, as the destination is fixed, it removes a lot of the negotiation complexity of the carpool\n5.Shared context that is beyond carpooling itself: Since, they are from the same field, they share commonalities that extend beyond the fact that they are in a car together. This is great for a innate trust and better conversations, making the poolers less prone to anxiety and more likely to enjoy the banter.\n6.Regular Commute and Routine times: This factor along with the “Common Destination” factor reduced a lot of the complexity involved in this whole process.\nThis led to a shift in our perspective — as we looked at ‘cohort/community travelling’ as an important component that dominated all the other ambiguous aspects of carpooling. Trust, shared community and culture had to become a part of any system that we designed.\n\n\n  “We are in for a longer game, we are here to build a culture and community of carpoolers than looking at profitability at the moment”,\nVivek Kumar, a marketing manager at Wunder.\n\n\nThe Principles we set down for the system we were designing\n\n  It had to be fun\n  It had to be community-based\n\n\nAt the time, we as a team had come up with a prototype which I will link here\n\nHowever, I came up with my own prototype using Figma, here\n\nPeople Involved: @BaishnabiMonger, @SamarthGupta, @SarojTailor, @AnantKaur, @MicahAlex\nMy contribution: #systemdesign, #QualitativeResearch, #marketresearch"

    } ,
  
    {

      "title"    : "Designer&#39;s Ace",
      "url"      : "/notes/prj.Designer-s-Ace",
      "category" : "",
      "tags"     : "Portfolio, project",
      "content"  : "This was a project https://www.behance.net/gallery/63290189/Designers-Ace from a team of people that were all aspiring to be a part of a design school someday, somewhere.\n\nIt was set of 101 cards designed to build design thinking in young aspirants.\n\nThe problem we were trying to solve was to break the notion that only “creative” people (who been drawing and sketching for all their life) can become designers, we worked with a few designers to see the traits that were most effective in designers and then we planned tasks to build up those traits.\n\nExamples of the tasks\n\n\n  \n    \n      Serial Number\n      Task\n    \n  \n  \n    \n      1\n      Meditate in the morning and draw your experience\n    \n    \n      2\n      Call a helpline. Draw a face for the stranger’s voice\n    \n    \n      3\n      Feel and photograph ten different textures\n    \n    \n      4\n      Imagine that you are in two places at once. Write about the experience\n    \n    \n      5\n      What is the worst film you have watched? Write about how it makes you feel\n    \n    \n      6\n      Try to sit in a busy place. Take photographs to show how it keeps changing\n    \n    \n      7\n      Close your eyes and try to listen to the sounds that surround you for five minutes\n    \n    \n      8\n      Read the lips of people who are talking to each other and try to guess the topic of conversation\n    \n    \n      9\n      Make a comic about any incident in your life\n    \n    \n      10\n      Observe different objects and create a story about them\n    \n  \n\n\nWe drew these tasks by clustering the traits that a community of designers said that a designer must possess\n\n\n  \n    \n      Sr. No.\n      Traits\n      Our Definitions\n    \n  \n  \n    \n      1\n      Empathy\n      to feel with\n    \n    \n      2\n      Creativity\n      to understand the nature of design\n    \n    \n      3\n      Sensitivity\n      to see things just as\n    \n    \n      4\n      Observation\n      to create original ideas\n    \n    \n      5\n      Art Skills\n      to develop craftsmanship\n    \n  \n\n\nWe also categorised the task according to the nature of the task and added a gameplay mechanic through the use of archetypes\n\n\n  \n    \n      Symbol\n      Archetypes\n      Our Definitions\n    \n  \n  \n    \n      +\n      Conjurer\n      creation tasks\n    \n    \n      ()\n      Guru\n      tasks for self discovery\n    \n    \n      '\n      Astronaut\n      tasks for awareness\n    \n    \n      ?\n      Mad Scientist\n      experimentation tasks\n    \n    \n      !\n      Dancer\n      expressive tasks\n    \n  \n\n\nPeople Involved: @DarpanaNaik, @KiranSabnis, @Anagha Rewalkar, @VivekShinde, @MicahAlex\nMy contribution: #Designtasks, #QualitativeResearch, #Prototyping, #playsystem"

    } ,
  
    {

      "title"    : "Making The Invisible Visible Around An RO Plant",
      "url"      : "/notes/prj.Making-Visible-something-in-an-RO-plant-Water-Quality",
      "category" : "",
      "tags"     : "Portfolio, project",
      "content"  : ""

    } ,
  
    {

      "title"    : "Speculative Storytelling in Wayanad",
      "url"      : "/notes/prj.Speculative-Storytelling",
      "category" : "",
      "tags"     : "Portfolio, project",
      "content"  : "While studying the Paniya community in Kerala, I was first introduced to the severity of caste issues in India. I have covered all my research about the tribe in this two-part series- part 1 https://medium.com/micah-alex/how-i-was-introduced-to-the-struggles-of-tribal-communities-in-kerala-caf2e8b94a9a talks about their current socio-economic and physical conditions and part 2 https://medium.com/micah-alex/how-to-destroy-an-entire-community-in-three-steps-27bb8bd5c960 delves deeper and tries to find ties between their past oppressive histories and their current conditions. \nWith this project in particular, I have also written a complimentary piece that fills up a lot of the gaps in the linked Behance projecthttps://www.behance.net/gallery/76085663/Speculative-Storytelling. \nWe wanted to let the children create their own stories using our tapestry tool. However, we also decided to make a sample tapestry just as a test prototype. Gopika and Veda- my teammates and dear friends- put their heads together to use a simple stitching method with any waste cloth to help the kids create these stories.\nWe needed cultural context to make the stories relevant and reachable to the kids. We needed to use metaphors that came from within the community and not entirely from our heads. For this reason, we organized and analyzed, whatever we knew about the community under the Causal Layered Analysis. The CLA helps us identify the invisible threads that run under societies and services. This was where we derived the metaphors that we used in the story.\nTheir traditional dance, 'Vattakalli' is inspired from the movement of elephants, so we wanted to keep the elephants central to the story. The elephants represent their belief in themselves. The rain and the floods were an obvious reference to the 2018 floods.\nThis complimentary article reflects on how easy it was for me to simplify the problems that I was investigating and arrive at a solution that may never work. It also shows how complex systems need more than just linear/monocycle designs.\n\nPeople Involved: @GopikaVerma,  @JahnviVegad, @VedaSeshan, @MicahAlex\n\nMy contribution: Literature Review, story writing, story boarding, activity guide, Participatory Design, Speculative Design"

    } ,
  
    {

      "title"    : "Suffernama - My Newsletter",
      "url"      : "/notes/prj.chicken-soup-for-the-miserable-soul",
      "category" : "",
      "tags"     : "Project",
      "content"  : "when the tough gets going, we get going. or something.\n\n\n In this newsletter I share music, videos, technology, poems, puns - basically anything that brings me joy. you will see me laugh and cry here.\n\n#writing \n [[MOC.Hi, My Name is Micah]]"

    } 
  
]